estimator,q,accuracy,balanced_accuracy,average_precision_known,average_precision_unknown,runtime_seconds
basic_rasch_from_accuracy,100,0.8014573001597042,0.7364445429780507,0.8454338520867903,0.773043759129737,0.8727589884375675
basic_rasch_from_accuracy,1000,0.8140458761480404,0.7240374386728835,0.8578334695344823,0.7894697922858441,1.7399076874373804
basic_rasch_from_accuracy,2000,0.8163949184755427,0.7115011194991858,0.8703069125040311,0.8035320208891891,2.6227070243126036
