estimator,q,balanced_accuracy,accuracy,nll,brier,auroc,runtime_seconds
grouped_residual_irt_pca_quantile_g8_t030_rp100_twopl_hybrid_w60_40,1000,0.7942944714538867,0.8404564881331272,0.41023266424618615,0.11839088583875945,0.898593895674653,1.2697653276875087
grouped_residual_irt_pca_quantile_g8_t030_rp100_twopl_hybrid_w70_30,1000,0.7893564014706173,0.8402462035100482,0.40964653774487053,0.11838979573214795,0.8986455503509391,1.2691855719374985
grouped_residual_irt_pca_quantile_g8_t030_rp100_twopl_hybrid_w80_20,1000,0.7883828048138185,0.8404280712921706,0.40916667280828606,0.11841209896911671,0.8986659382943358,1.271343377437546
grouped_residual_irt_pca_quantile_g8_t030_rp100_twopl_hybrid_w90_10,1000,0.7874369998409586,0.8403769209784486,0.4087826467653402,0.11845779715544355,0.8986886547484166,1.265674277875064
grouped_residual_irt_pca_quantile_g8_t030_rp100,1000,0.7839273697782067,0.8403712376102573,0.4084901254216402,0.11852688835382166,0.8987005384966986,1.2562361691874457
