estimator,q,balanced_accuracy,accuracy,nll,brier,auroc,runtime_seconds
twopl_irt_online_baseline,100,0.7871384470197003,0.8152160208455913,0.4524410087677072,0.1327517526224255,0.8826474266937375,0.4711132503750121
rasch_irt_online_baseline,100,0.7859737835369418,0.8171387744809616,0.4442565451138531,0.1320100985467434,0.8826474266937375,0.4705543689999842
rasch_irt_online_baseline,200,0.7892208108257036,0.8171569042977028,0.4394040451541737,0.1296838573180139,0.8847787578692079,0.9390897588125
twopl_irt_online_baseline,200,0.7892208108257036,0.8171569042977028,0.4475298240878336,0.1304074940271675,0.8847787578692079,0.9414800490000346
twopl_irt_online_baseline,1000,0.8007543575905136,0.8392288806038011,0.4168768307373776,0.1188887059688568,0.8966877806169006,1.417411457
rasch_irt_online_baseline,1000,0.7833732368162386,0.8399506683640993,0.4109121175033929,0.1193108363077044,0.8966877806169006,1.40862480925
