estimator,q,balanced_accuracy,accuracy,nll,brier,auroc,runtime_seconds
grouped_residual_irt_anchor_cosine_g8_t010_rp200,200,0.7894967614414388,0.8172681613969653,0.4388708576010626,0.1294775283152547,0.8865031594742031,0.904312348624984
grouped_residual_irt_anchor_cosine_g8_t010_rp050,200,0.789493242122286,0.8172575654827499,0.438876644148861,0.12948032647198238,0.8864329411874091,1.0211135974999763
grouped_residual_irt_anchor_cosine_g8_t010_rp100,200,0.7894881772019762,0.8172575654827499,0.43887567690715823,0.1294797332264881,0.8864650677820962,0.9946628007500067
grouped_residual_irt_anchor_cosine_g16_t010_rp200,200,0.7894084841889822,0.8174323980673053,0.4386207291306165,0.12936912772679962,0.8870625135800344,0.9062082069374924
grouped_residual_irt_anchor_cosine_g16_t010_rp100,200,0.7894045007600465,0.8174271001101975,0.43862396551938926,0.12937049063731168,0.8870625956478878,0.9075584640624754
grouped_residual_irt_anchor_cosine_g16_t010_rp050,200,0.7894041835391489,0.817416504195982,0.4386374301182186,0.12937590338430088,0.8870555300636237,0.9075880090625219
grouped_residual_irt_anchor_cosine_g32_t010_rp050,200,0.7892237059137327,0.8171622022548105,0.4390850895594771,0.12956013241554565,0.8869495940283458,0.9016019582500121
grouped_residual_irt_anchor_cosine_g32_t010_rp100,200,0.7892237059137327,0.8171622022548105,0.439032283123259,0.1295397347543889,0.887061907994071,0.8981634998125116
grouped_residual_irt_anchor_cosine_g32_t010_rp200,200,0.7892226787520443,0.8171622022548105,0.4389750440278931,0.12951760361453413,0.8871434321036403,0.9087537154999268
