estimator,q,balanced_accuracy,accuracy,nll,brier,auroc,runtime_seconds
grouped_residual_irt_anchor_cosine_g16_t010_rp200,100,0.7864542260318933,0.8179425485416492,0.4439681301402245,0.1318995954019051,0.8847484251827986,0.4541870753749606
grouped_residual_irt_anchor_cosine_g16_t010_rp050,100,0.7864486946150641,0.8179267882659494,0.44397404427066445,0.13190204898251148,0.8847433979468645,0.45271832349996544
grouped_residual_irt_anchor_cosine_g16_t010_rp100,100,0.7864485748270532,0.8179320416911826,0.4439691834994427,0.13190009488150845,0.8847443351780196,0.4511237003749784
grouped_residual_irt_anchor_cosine_g32_t010_rp200,100,0.786381774638988,0.8177481718080188,0.4440762425909194,0.13193853163638466,0.8844122726898316,0.45833995149999396
grouped_residual_irt_anchor_cosine_g32_t010_rp100,100,0.7863219222744995,0.817648356728587,0.44410277476534177,0.13194891853063745,0.8843621097584532,0.4485354539374953
grouped_residual_irt_anchor_cosine_g32_t010_rp050,100,0.7862887572400127,0.8175958224762545,0.444125697674199,0.1319579530540142,0.8842894223965019,0.45132370206252403
grouped_residual_irt_anchor_cosine_g8_t010_rp050,100,0.7861764492594425,0.8176325964528873,0.4440275775808868,0.13192717944897486,0.8837126243164393,0.5094773660000271
grouped_residual_irt_anchor_cosine_g8_t010_rp200,100,0.7861346679060893,0.8175905690510212,0.4440269078157522,0.13192645454873037,0.8838235350421988,0.45230948893748746
grouped_residual_irt_anchor_cosine_g8_t010_rp100,100,0.7861314718495314,0.817585315625788,0.44402793368172105,0.1319270988917594,0.8837683294991834,0.4917708778124279
