estimator,q,balanced_accuracy,accuracy,nll,brier,auroc,runtime_seconds
grouped_residual_irt_anchor_cosine_g8_t010_rp100,1000,0.7858228183797216,0.8395698826952805,0.40974798604566165,0.11886547531969241,0.8981517518992527,1.4904163682499814
grouped_residual_irt_anchor_cosine_g8_t010_rp050,1000,0.7858038329032208,0.8395414658543239,0.4097557917483913,0.11886884509926995,0.898140492830939,1.5372885319374916
grouped_residual_irt_anchor_cosine_g8_t010_rp200,1000,0.7857818035620464,0.8395641993270893,0.40973294318507975,0.11885921771740186,0.8981696706159439,1.358709811374979
grouped_residual_irt_anchor_cosine_g32_t010_rp100,1000,0.7848525410912596,0.8400586523597344,0.40962163887640446,0.11882291193550831,0.8992910330011433,1.3497114920624824
grouped_residual_irt_anchor_cosine_g32_t010_rp050,1000,0.7848063501100984,0.8399677184686732,0.4097833596817623,0.11888312620916039,0.8992036453190535,1.354797807312508
grouped_residual_irt_anchor_cosine_g32_t010_rp200,1000,0.7847148880812117,0.8400586523597344,0.4094650009057934,0.11876461491929437,0.899365283680913,1.3587061933125142
grouped_residual_irt_anchor_cosine_g16_t010_rp200,1000,0.7838423071950367,0.8405246885514231,0.40897337248404686,0.11857423722624655,0.8989080195901153,1.3594598480000002
grouped_residual_irt_anchor_cosine_g16_t010_rp100,1000,0.7838020085880357,0.8405076384468492,0.4089770090158954,0.11857535679270498,0.8989091867547352,1.3618303033749726
grouped_residual_irt_anchor_cosine_g16_t010_rp050,1000,0.7837785190452335,0.8404621715013185,0.4089997410362078,0.1185834488445947,0.8989027197215592,1.3575912709999614
