estimator,q,balanced_accuracy,accuracy,nll,brier,auroc,runtime_seconds
grouped_residual_irt_anchor_cosine_g64_t010_rp100,100,0.7860101325202408,0.8172070690089939,0.4442049926590773,0.1319867572728821,0.8839408345859723,0.4457355866875332
grouped_residual_irt_pca_quantile_g64_t010_rp100,100,0.7850887764801344,0.8167237538875347,0.4442144673230975,0.13199653300250866,0.8826623912279579,0.44292630900000063
