estimator,q,balanced_accuracy,accuracy,nll,brier,auroc,runtime_seconds
grouped_residual_irt_kmeans_euclidean_g8_t010_rp100,200,0.7897717649169007,0.8183754344324828,0.43832906731721866,0.12926615637480238,0.8863698784840743,0.9654138191875035
grouped_residual_irt_kmeans_euclidean_g16_t010_rp100,200,0.7896833222043257,0.817882724421463,0.438131269620692,0.12918127616120087,0.886955720797747,0.9808791824374765
grouped_residual_irt_kmeans_euclidean_g16_t025_rp100,200,0.7892409544101814,0.817193989997457,0.43853546561455814,0.12933724626405116,0.8871009340758382,0.9652527472500196
grouped_residual_irt_kmeans_euclidean_g8_t025_rp100,200,0.7892208108257036,0.8171569042977028,0.4388768988277233,0.1294775433808361,0.8870207493363828,0.9750805269375036
