estimator,q,balanced_accuracy,accuracy,nll,brier,auroc,runtime_seconds
grouped_residual_irt_kmeans_euclidean_g16_t025_rp100,100,0.7862900512540729,0.8180160964949147,0.44397741978928107,0.1318924860933686,0.884458607979755,0.48199569649995055
grouped_residual_irt_kmeans_euclidean_g16_t010_rp100,100,0.7860504264807205,0.8179215348407162,0.4438719882177795,0.13184847832271296,0.8840834753260971,0.48899304256245557
grouped_residual_irt_kmeans_euclidean_g8_t025_rp100,100,0.7860256539511146,0.8173173909388921,0.44412017317700553,0.13195555185799768,0.8841732641515168,0.48348712374996694
grouped_residual_irt_kmeans_euclidean_g8_t010_rp100,100,0.7858336366427302,0.8175380347986887,0.44402765898033764,0.13191400747813584,0.883788380785761,0.4756438642499887
