estimator,q,balanced_accuracy,accuracy,nll,brier,auroc,runtime_seconds
grouped_residual_irt_kmeans_euclidean_g16_t010_rp100,1000,0.7843178125653925,0.84038260434664,0.4076105637660305,0.1180554629991209,0.89945289629801,1.4823377935624933
grouped_residual_irt_kmeans_euclidean_g8_t010_rp100,1000,0.7841490073381686,0.839422115122306,0.40845285377788476,0.11839870766421953,0.8987181174056416,1.461840076187542
grouped_residual_irt_kmeans_euclidean_g16_t025_rp100,1000,0.783702980209162,0.8397403837410203,0.4084318311629682,0.11835470771928294,0.8991566413255817,1.4549192752500062
grouped_residual_irt_kmeans_euclidean_g8_t025_rp100,1000,0.783408197040253,0.839405065017732,0.4093841790857966,0.11872994416440781,0.8988091808947646,1.4574725722500261
