estimator,q,balanced_accuracy,accuracy,nll,brier,auroc,runtime_seconds
grouped_residual_irt_pca_quantile_g32_t010_rp100,200,0.7905885207988833,0.8195992625243707,0.43861487223988715,0.12939409040400512,0.8854410525925824,0.920592885750068
grouped_residual_irt_pca_quantile_g32_t025_rp100,200,0.7905882542113603,0.8194191319827074,0.4385421407394759,0.12936109487472214,0.8855073258083126,0.9584660361875024
grouped_residual_irt_kmeans_cosine_g32_t010_rp100,200,0.7893251662059051,0.8172098838687802,0.4383899461692248,0.12928257686651537,0.8870503902805711,0.9171492263749599
grouped_residual_irt_anchor_cosine_g32_t010_rp100,200,0.7892237059137327,0.8171622022548105,0.439032283123259,0.1295397347543889,0.887061907994071,0.9711767574999897
grouped_residual_irt_anchor_cosine_g32_t025_rp100,200,0.7892208108257036,0.8171569042977028,0.43923558532785956,0.12961943396982456,0.8873015102027817,0.9452170141875058
grouped_residual_irt_kmeans_cosine_g32_t025_rp100,200,0.7892208108257036,0.8171569042977028,0.43902852664683023,0.1295351751143071,0.8871147852637641,0.9380775619999326
