estimator,q,balanced_accuracy,accuracy,nll,brier,auroc,runtime_seconds
grouped_residual_irt_anchor_cosine_g32_t025_rp100,1000,0.7850614496906854,0.8398654178412295,0.41030935004594654,0.11908285727791314,0.8993628305147763,1.4264253936249531
grouped_residual_irt_kmeans_cosine_g32_t025_rp100,1000,0.7849587009276129,0.8397858506865509,0.409612455400396,0.11880785934751412,0.8990952842120794,1.4071101783749782
grouped_residual_irt_anchor_cosine_g32_t010_rp100,1000,0.7848525410912596,0.8400586523597344,0.40962163887640446,0.11882291193550831,0.8992910330011433,1.4614502866250518
grouped_residual_irt_kmeans_cosine_g32_t010_rp100,1000,0.7846193105389426,0.8405019550786578,0.40773018178703424,0.11809353378121018,0.8996281952669539,1.3822401099375838
grouped_residual_irt_pca_quantile_g32_t010_rp100,1000,0.7842186332890715,0.8396778666909157,0.4093230332394662,0.11879010660819965,0.8979920039443655,1.3830484565625056
grouped_residual_irt_pca_quantile_g32_t025_rp100,1000,0.7837270397786911,0.8395016822769846,0.40926833165505516,0.11875973102970452,0.8980930846368248,1.4416107738749417
