estimator,q,balanced_accuracy,accuracy,nll,brier,auroc,runtime_seconds
grouped_residual_irt_anchor_cosine_g32_t010_rp100,100,0.7863219222744995,0.817648356728587,0.44410277476534177,0.13194891853063745,0.8843621097584532,0.487023718875065
grouped_residual_irt_kmeans_cosine_g32_t010_rp100,100,0.7861366632492892,0.8179950827939817,0.4439761811523806,0.1318903713285292,0.8841818909703142,0.45927235856251514
grouped_residual_irt_kmeans_cosine_g32_t025_rp100,100,0.7860265968687724,0.8172175758594604,0.44415586322003436,0.13196721075772783,0.884272292336038,0.4688441330000046
grouped_residual_irt_anchor_cosine_g32_t025_rp100,100,0.7859825605111312,0.8171492813314281,0.4441869992173362,0.13198328707730053,0.884718014472525,0.46872546337499443
grouped_residual_irt_pca_quantile_g32_t025_rp100,100,0.7857783731320314,0.8170599731024628,0.4438607127552459,0.13185357604076917,0.8828497697640769,0.47758299949990146
grouped_residual_irt_pca_quantile_g32_t010_rp100,100,0.7855381777936169,0.8169023703454652,0.4439014163083058,0.13187393456781202,0.8829003200098026,0.4605771466874842
