estimator,q,balanced_accuracy,accuracy,nll,brier,auroc,runtime_seconds
twopl_irt_online_baseline,1000,0.8007543575905136,0.8392288806038011,0.41687683194721975,0.11888870457187295,0.8966877806169006,0.43435949293723297
grouped_residual_irt_pca_quantile_g16_t025_rp200_twopl_hybrid_w50_50_bm060,1000,0.7974197658970769,0.8394959989087933,0.41140253275875005,0.1186069025686203,0.8983294166356326,0.44219652893752937
grouped_residual_irt_pca_quantile_g16_t025_rp200_twopl_hybrid_w50_50_bm030,1000,0.7961805690620897,0.8396380831135765,0.4112207278270843,0.11852426650852509,0.8983294104097113,0.4412024441876383
grouped_residual_irt_pca_quantile_g16_t025_rp200_twopl_hybrid_w55_45_bm030,1000,0.7958892059448728,0.8397290170046376,0.41087004536651284,0.11851358790869945,0.8983345984452787,0.5000934385623168
grouped_residual_irt_pca_quantile_g16_t025_rp200_twopl_hybrid_w50_50,1000,0.7955494063759755,0.839717650268255,0.4111583468346559,0.11849236690868598,0.8983292639946501,0.43946245712515974
grouped_residual_irt_pca_quantile_g16_t025_rp200_twopl_hybrid_w55_45,1000,0.7954613124476753,0.8398654178412294,0.4108034342090507,0.11847988768038187,0.8983342616409765,0.4513832315624313
grouped_residual_irt_pca_quantile_g16_t025_rp200_twopl_hybrid_w60_40,1000,0.7951993832722029,0.8402575702464308,0.41047792233183833,0.11847234520159262,0.89835860701925,0.4804448415624165
grouped_residual_irt_pca_quantile_g16_t025_rp200_twopl_hybrid_w65_35,1000,0.7947237708810275,0.8401666363553696,0.4101772771370487,0.11846974127386031,0.8983666363144523,0.43428675568759445
grouped_residual_irt_pca_quantile_g16_t025_rp200_twopl_hybrid_w50_50_bp030,1000,0.7943230495492382,0.8396096662726198,0.411215310643644,0.11851114090279036,0.898329458894316,0.44315962025018507
grouped_residual_irt_pca_quantile_g16_t025_rp200_twopl_hybrid_w55_45_bp030,1000,0.7941925204585343,0.8395926161680458,0.41085642063652383,0.11849706351150022,0.8983347865226703,0.4409831672500104
