estimator,q,balanced_accuracy,accuracy,nll,brier,auroc,runtime_seconds
grouped_residual_irt_pca_quantile_g16_t025_rp100_twopl_hybrid_w60_40,1000,0.7951943437624465,0.8402518868782395,0.4104784587981296,0.11847251958202988,0.8983580310553193,1.2720489340625818
grouped_residual_irt_pca_quantile_g16_t025_rp100_twopl_hybrid_w70_30,1000,0.7907023724314285,0.8400302355187779,0.40990510809652103,0.1184722493039465,0.8983820193948565,1.261486354500022
grouped_residual_irt_pca_quantile_g16_t025_rp100_twopl_hybrid_w80_20,1000,0.7875141027153891,0.8400416022551604,0.40943099079213646,0.11849171930117587,0.8983923765724727,1.2613934514374705
grouped_residual_irt_pca_quantile_g16_t025_rp100_twopl_hybrid_w90_10,1000,0.7852315485124934,0.8398654178412295,0.40904574786985914,0.11853093114965299,0.8983780730835091,1.2624623666875152
grouped_residual_irt_pca_quantile_g16_t025_rp100,1000,0.7847357338463941,0.8401325361462217,0.40874508904043466,0.11858988294762582,0.8983679789127681,1.2525246469999445
