estimator,q,balanced_accuracy,accuracy,nll,brier,auroc,runtime_seconds
grouped_residual_irt_pca_quantile_g16_t025_rp100_twopl_hybrid_w60_40,100,0.7871306964080373,0.8156730688408842,0.44588330357519484,0.13201213741792933,0.8829332422592335,0.4231384036875738
grouped_residual_irt_pca_quantile_g16_t025_rp100_twopl_hybrid_w70_30,100,0.7865209934984253,0.816440068924939,0.44517975621013417,0.13192125157426365,0.8829336846868635,0.41990936399994894
grouped_residual_irt_pca_quantile_g16_t025_rp100_twopl_hybrid_w80_20,100,0.7859572792472854,0.8166817264856686,0.44455105267710554,0.13183961731949667,0.8829335883079453,0.41979547687506624
grouped_residual_irt_pca_quantile_g16_t025_rp100_twopl_hybrid_w90_10,100,0.7856802233659362,0.8167237538875347,0.44398756507921644,0.13176723591018988,0.8829335426517008,0.4209898748125056
grouped_residual_irt_pca_quantile_g16_t025_rp100,100,0.7852130987876533,0.8171755484575943,0.44348573655199747,0.1317041058186118,0.8829350316216172,0.41584005299995397
