estimator,q,balanced_accuracy,accuracy,nll,brier,auroc,runtime_seconds
grouped_residual_irt_pca_quantile_g16_t025_rp100_twopl_hybrid_w70_30,200,0.7910945421014478,0.8187833771297788,0.4397636184464986,0.12940550249940067,0.8856472787950749,0.8406577397500143
grouped_residual_irt_pca_quantile_g16_t025_rp100_twopl_hybrid_w60_40,200,0.7910487335244676,0.8185396711028228,0.44051708326728967,0.12951322475911728,0.8856476078452068,0.8458472363125793
grouped_residual_irt_pca_quantile_g16_t025_rp100_twopl_hybrid_w80_20,200,0.7906922228427878,0.8192495973552598,0.4390909591789818,0.12930958586235308,0.885649154560713,0.8411803228125336
grouped_residual_irt_pca_quantile_g16_t025_rp100_twopl_hybrid_w90_10,200,0.790208455077236,0.8198270746800034,0.43848929735438685,0.129225476418706,0.8856502256789694,0.8409023875625223
grouped_residual_irt_pca_quantile_g16_t025_rp100,200,0.7898629503721438,0.8206005764177333,0.4379547837426734,0.12915317228727682,0.8856560054300932,0.8330961286250158
