model,q,accuracy,balanced_accuracy,nll,brier,auroc,runtime_seconds,users
neural_memory_mirt_ft_kernel_smooth_user_discriminative_freq,100,0.7763879549466252,0.8026840150456848,0.4922090567388985,0.1576744634658098,0.8841046215223536,0.45957813693758,16
neural_memory_mirt_ft_kernel_smooth_user_discriminative_freq,1000,0.7962739838137673,0.824108755424532,0.45836004316560364,0.14466126030310983,0.8992575753867613,1.0844631742497768,16
