model,q,accuracy,balanced_accuracy,nll,brier,auroc,runtime_seconds,users
neural_memory_mirt_ft_kernel_user_discriminative_l2,100,0.7767031604606203,0.8024405484005348,0.4916896110380059,0.1575571317225694,0.8844558744248081,0.4986445331255709,16
neural_memory_mirt_ft_kernel_user_discriminative_l2,1000,0.7960011821405838,0.8241848898961552,0.4569442298817869,0.14422326022759074,0.9000104504853722,1.1651657593752134,16
