model,q,accuracy,balanced_accuracy,nll,brier,auroc,runtime_seconds,users
neural_memory_mirt_ft_kernel_user_discriminative_legacy,100,0.7760464823064638,0.8020031475205347,0.4909546976604371,0.15742920152842996,0.8840769123177193,2.0055663573123184,16
neural_memory_mirt_ft_kernel_user_discriminative_legacy,1000,0.7955749295262344,0.8239251038409973,0.457444404583216,0.1445018709637224,0.8996514059135419,2.955869063249793,16
