model,q,accuracy,balanced_accuracy,nll,brier,auroc,runtime_seconds,users
neural_memory_mirt_ft_svd_rerank_centered_user_discriminative_rich,100,0.7502206438597966,0.7767955369768978,0.5128263949045536,0.1659197187982499,0.8494672356798281,0.4435592585628001,16
neural_memory_mirt_ft_svd_rerank_centered_user_discriminative_rich,1000,0.7834352550695645,0.8044292517870518,0.4646816770313278,0.14741821167990563,0.8734126502062098,1.0086049115002425,16
