model,q,accuracy,balanced_accuracy,nll,brier,auroc,runtime_seconds,users
neural_memory_mirt_ft_svd_rerank_user_discriminative_l2,100,0.7552849457846517,0.7696083216312483,0.4911965198854435,0.1588135818019509,0.8482326129709059,0.4601100945001235,16
neural_memory_mirt_ft_svd_rerank_user_discriminative_l2,1000,0.7979846776393562,0.7925550905144454,0.4379807337472392,0.13797788135707376,0.8713315699134417,1.0555400745624866,16
