model,q,accuracy,balanced_accuracy,nll,brier,auroc,runtime_seconds,users
neural_memory_mirt_rasch_voteuser_hybrid_w75_25_user_discriminative_l2,100,0.8184468773640413,0.7878425944834941,0.4197718105439457,0.13229771487066,0.8848878259309856,0.4726669070623757,16
neural_memory_mirt_rasch_voteuser_hybrid_w75_25_user_discriminative_l2,1000,0.840575838865145,0.7874176365181619,0.38413884048675334,0.11867232052834507,0.9007682449307229,0.9492502284376769,16
