model,q,accuracy,balanced_accuracy,nll,brier,auroc,runtime_seconds,users
neural_memory_mirt_rasch_voteuser_hybrid_w85_15_user_discriminative_rich,100,0.8187883500042027,0.7863752538572578,0.42125732894234846,0.13206321269100946,0.8848389177744772,0.5197160464381341,16
neural_memory_mirt_rasch_voteuser_hybrid_w85_15_user_discriminative_rich,1000,0.840121169409839,0.7824469104024913,0.3865054140982484,0.1187020218227337,0.9004396925688575,1.0399753026874805,16
