model,q,accuracy,balanced_accuracy,nll,brier,auroc,runtime_seconds,users
neural_memory_mirt_rasch_twopl_voteuser_grid_55_30_15_user_discriminative_rich,100,0.8168708497940658,0.7873104309588227,0.4211102852196293,0.13217037433093698,0.884838978800844,0.44683580724972666,16
neural_memory_mirt_rasch_twopl_voteuser_grid_55_30_15_user_discriminative_rich,1000,0.840416704555788,0.7898061792115266,0.3855434528314903,0.1184307281955148,0.9004236410468717,0.904233752562277,16
