model,q,accuracy,balanced_accuracy,nll,brier,auroc,runtime_seconds,users
neural_memory_mirt_rasch_twopl_voteuser_grid_30_50_20_user_discriminative_rich,100,0.8153158359250231,0.7898838505693797,0.42003622324268897,0.13236101736397962,0.8848668322931786,0.4578985262498918,16
neural_memory_mirt_rasch_twopl_voteuser_grid_30_50_20_user_discriminative_rich,1000,0.8407179230699282,0.7920621015122169,0.3834382719240088,0.1182454765125535,0.9005567299896425,0.9311346344375124,16
